Date,Open,High,Low,Adj Close,Volume
2021-05-04,131.19000244140625,131.49000549316406,126.69999694824219,125.65862274169922,137564700
2021-05-05,129.1999969482422,130.4499969482422,127.97000122070312,125.90434265136719,84000900
2021-05-06,127.88999938964844,129.75,127.12999725341797,127.51625061035156,78128300
2021-05-07,130.85000610351562,131.25999450683594,129.47999572753906,128.19557189941406,78973300
2021-05-10,129.41000366210938,129.5399932861328,126.80999755859375,124.88754272460938,88071200
2021-05-11,123.5,126.2699966430664,122.7699966430664,123.96209716796875,126142800
2021-05-12,123.4000015258789,124.63999938964844,122.25,120.87065124511719,112172300
2021-05-13,124.58000183105469,126.1500015258789,124.26000213623047,123.03661346435547,105861300
2021-05-14,126.25,127.88999938964844,125.8499984741211,125.47825622558594,81918000
2021-05-17,126.81999969482422,126.93000030517578,125.16999816894531,124.3165054321289,74244600
2021-05-18,126.55999755859375,126.98999786376953,124.77999877929688,122.91847229003906,63342900
2021-05-19,123.16000366210938,124.91999816894531,122.86000061035156,122.76094818115234,92612000
2021-05-20,125.2300033569336,127.72000122070312,125.0999984741211,125.34040069580078,76857100
2021-05-21,127.81999969482422,128.0,125.20999908447266,123.48951721191406,79295400
2021-05-24,126.01000213623047,127.94000244140625,125.94000244140625,125.13365936279297,63092900
2021-05-25,127.81999969482422,128.32000732421875,126.31999969482422,124.93675994873047,72009500
2021-05-26,126.95999908447266,127.38999938964844,126.41999816894531,124.88754272460938,56575900
2021-05-27,126.44000244140625,127.63999938964844,125.08000183105469,123.3418197631836,94625600
2021-05-28,125.56999969482422,125.80000305175781,124.55000305175781,122.68217468261719,71311100
2021-06-01,125.08000183105469,125.3499984741211,123.94000244140625,122.35728454589844,67637100
2021-06-02,124.27999877929688,125.23999786376953,124.05000305175781,123.12523651123047,59278900
2021-06-03,124.68000030517578,124.8499984741211,123.12999725341797,121.62873840332031,76229200
2021-06-04,124.06999969482422,126.16000366210938,123.8499984741211,123.94236755371094,75169300
2021-06-07,126.16999816894531,126.31999969482422,124.83000183105469,123.95222473144531,71057600
2021-06-08,126.5999984741211,128.4600067138672,126.20999908447266,124.77922058105469,74403800
2021-06-09,127.20999908447266,127.75,126.5199966430664,125.16320037841797,56877900
2021-06-10,127.0199966430664,128.19000244140625,125.94000244140625,124.15899658203125,71186400
2021-06-11,126.52999877929688,127.44000244140625,126.0999984741211,125.3797836303711,53522400
2021-06-14,127.81999969482422,130.5399932861328,127.06999969482422,128.4613494873047,96906500
2021-06-15,129.94000244140625,130.60000610351562,129.38999938964844,127.63433837890625,62746300
2021-06-16,130.3699951171875,130.88999938964844,128.4600067138672,128.136474609375,91815000
2021-06-17,129.8000030517578,132.5500030517578,129.64999389648438,129.7510986328125,96721700
2021-06-18,130.7100067138672,131.50999450683594,130.24000549316406,128.44166564941406,108953300
2021-06-21,130.3000030517578,132.41000366210938,129.2100067138672,130.2532196044922,79663300
2021-06-22,132.1300048828125,134.0800018310547,131.6199951171875,131.90721130371094,74783600
2021-06-23,133.77000427246094,134.32000732421875,133.22999572753906,131.63157653808594,60214200
2021-06-24,134.4499969482422,134.63999938964844,132.92999267578125,131.34605407714844,68711000
2021-06-25,133.4600067138672,133.88999938964844,132.80999755859375,131.05067443847656,70783700
2021-06-28,133.41000366210938,135.25,133.35000610351562,132.69485473632812,62111300
2021-06-29,134.8000030517578,136.49000549316406,134.35000610351562,134.22085571289062,64556100
2021-06-30,136.1699981689453,137.41000366210938,135.8699951171875,134.84112548828125,63261400
2021-07-01,136.60000610351562,137.3300018310547,135.75999450683594,135.14633178710938,52485800
2021-07-02,137.89999389648438,140.0,137.75,137.7947235107422,78852600
2021-07-06,140.07000732421875,143.14999389648438,140.07000732421875,139.82284545898438,108181800
2021-07-07,143.5399932861328,144.88999938964844,142.66000366210938,142.3333740234375,104911600
2021-07-08,141.5800018310547,144.05999755859375,140.6699981689453,141.0239715576172,105575500
2021-07-09,142.75,145.64999389648438,142.64999389648438,142.86502075195312,99890800
2021-07-12,146.2100067138672,146.32000732421875,144.0,142.2644805908203,76299700
2021-07-13,144.02999877929688,147.4600067138672,143.6300048828125,143.38682556152344,100827100
2021-07-14,148.10000610351562,149.57000732421875,147.67999267578125,146.842529296875,127050800
2021-07-15,149.24000549316406,150.0,147.08999633789062,146.18289184570312,106820300
2021-07-16,148.4600067138672,149.75999450683594,145.8800048828125,144.12522888183594,93251400
2021-07-19,143.75,144.07000732421875,141.6699981689453,140.24618530273438,121434600
2021-07-20,143.4600067138672,147.10000610351562,142.9600067138672,143.88893127441406,96350000
2021-07-21,145.52999877929688,146.1300048828125,144.6300048828125,143.15054321289062,74993500
2021-07-22,145.94000244140625,148.1999969482422,145.80999755859375,144.52886962890625,77338200
2021-07-23,147.5500030517578,148.72000122070312,146.9199981689453,146.26165771484375,71447400
2021-07-26,148.27000427246094,149.8300018310547,147.6999969482422,146.6849822998047,72434100
2021-07-27,149.1199951171875,149.2100067138672,145.5500030517578,144.49935913085938,104818600
2021-07-28,144.80999755859375,146.97000122070312,142.5399932861328,142.73703002929688,118931200
2021-07-29,144.69000244140625,146.5500030517578,144.5800018310547,143.38682556152344,56699500
2021-07-30,144.3800048828125,146.3300018310547,144.11000061035156,143.60345458984375,70440600
2021-08-02,146.36000061035156,146.9499969482422,145.25,143.26869201660156,62880000
2021-08-03,145.80999755859375,148.0399932861328,145.17999267578125,145.08023071289062,64786600
2021-08-04,147.27000427246094,147.7899932861328,146.27999877929688,144.6765594482422,56368300
2021-08-05,146.97999572753906,147.83999633789062,146.1699981689453,144.7848663330078,46397700
2021-08-06,146.35000610351562,147.11000061035156,145.6300048828125,144.09466552734375,54126800
2021-08-09,146.1999969482422,146.6999969482422,145.52000427246094,144.0453338623047,48908700
2021-08-10,146.44000244140625,147.7100067138672,145.3000030517578,143.5622100830078,69023100
2021-08-11,146.0500030517578,146.72000122070312,145.52999877929688,143.81857299804688,48493500
2021-08-12,146.19000244140625,149.0500030517578,145.83999633789062,146.80616760253906,72282600
2021-08-13,148.97000122070312,149.44000244140625,148.27000427246094,147.0132293701172,59375000
2021-08-16,148.5399932861328,151.19000244140625,146.47000122070312,149.00497436523438,103296000
2021-08-17,150.22999572753906,151.67999267578125,149.08999633789062,148.08798217773438,92229700
2021-08-18,149.8000030517578,150.72000122070312,146.14999389648438,144.3115997314453,86326000
2021-08-19,145.02999877929688,148.0,144.5,144.6468505859375,86960300
2021-08-20,147.44000244140625,148.5,146.77999877929688,146.115966796875,60549600
2021-08-23,148.30999755859375,150.19000244140625,147.88999938964844,147.61471557617188,60131800
2021-08-24,149.4499969482422,150.86000061035156,149.14999389648438,147.5259552001953,48606400
2021-08-25,149.80999755859375,150.32000732421875,147.8000030517578,146.28358459472656,58991300
2021-08-26,148.35000610351562,149.1199951171875,147.50999450683594,145.47503662109375,48597200
2021-08-27,147.47999572753906,148.75,146.8300018310547,146.52023315429688,55802400
2021-08-30,149.0,153.49000549316406,148.61000061035156,150.97695922851562,90956700
2021-08-31,152.66000366210938,152.8000030517578,151.2899932861328,149.7050323486328,86453100
2021-09-01,152.8300018310547,154.97999572753906,152.33999633789062,150.37550354003906,80313700
2021-09-02,153.8699951171875,154.72000122070312,152.39999389648438,151.49957275390625,71115500
2021-09-03,153.75999450683594,154.6300048828125,153.08999633789062,152.14044189453125,57808700
2021-09-07,154.97000122070312,157.25999450683594,154.38999938964844,154.4970245361328,82278300
2021-09-08,156.97999572753906,157.0399932861328,153.97999572753906,152.93910217285156,74420200
2021-09-09,155.49000549316406,156.11000061035156,153.9499969482422,151.9136962890625,57305700
2021-09-10,155.0,155.47999572753906,148.6999969482422,146.88502502441406,140893200
2021-09-13,150.6300048828125,151.4199981689453,148.75,147.45693969726562,102404300
2021-09-14,150.35000610351562,151.07000732421875,146.91000366210938,146.0469512939453,109296300
2021-09-15,148.55999755859375,149.44000244140625,146.3699951171875,146.9442138671875,83281300
2021-09-16,148.44000244140625,148.97000122070312,147.22000122070312,146.70755004882812,68034100
2021-09-17,148.82000732421875,148.82000732421875,145.75999450683594,144.01577758789062,129868800
2021-09-20,143.8000030517578,144.83999633789062,141.27000427246094,140.93946838378906,123478900
2021-09-21,143.92999267578125,144.60000610351562,142.77999877929688,141.422607421875,75834000
2021-09-22,144.4499969482422,146.42999267578125,143.6999969482422,143.80870056152344,76404300
2021-09-23,146.64999389648438,147.0800018310547,145.63999938964844,144.77500915527344,64838200
2021-09-24,145.66000366210938,147.47000122070312,145.55999755859375,144.86375427246094,53477900
2021-09-27,145.47000122070312,145.9600067138672,143.82000732421875,143.33541870117188,74150700
2021-09-28,143.25,144.75,141.69000244140625,139.9238739013672,108972300
2021-09-29,142.47000122070312,144.4499969482422,142.02999877929688,140.83099365234375,74602000
2021-09-30,143.66000366210938,144.3800048828125,141.27999877929688,139.5196075439453,89056700
2021-10-01,141.89999389648438,142.9199981689453,139.11000061035156,140.6534881591797,94639600
2021-10-04,141.75999450683594,142.2100067138672,138.27000427246094,137.19264221191406,98322000
2021-10-05,139.49000549316406,142.24000549316406,139.36000061035156,139.1350860595703,80861100
2021-10-06,139.47000122070312,142.14999389648438,138.3699951171875,140.0126190185547,83221100
2021-10-07,143.05999755859375,144.22000122070312,142.72000122070312,141.2845458984375,61732700
2021-10-08,144.02999877929688,144.17999267578125,142.55999755859375,140.89999389648438,58773200
2021-10-11,142.27000427246094,144.80999755859375,141.80999755859375,140.811279296875,64452200
2021-10-12,143.22999572753906,143.25,141.0399932861328,139.52944946289062,73035900
2021-10-13,141.24000549316406,141.39999389648438,139.1999969482422,138.9378662109375,78762700
2021-10-14,142.11000061035156,143.8800048828125,141.50999450683594,141.74798583984375,69907100
2021-10-15,143.77000427246094,144.89999389648438,143.50999450683594,142.81285095214844,67940300
2021-10-18,143.4499969482422,146.83999633789062,143.16000366210938,144.49893188476562,85589200
2021-10-19,147.00999450683594,149.1699981689453,146.5500030517578,146.677978515625,76378900
2021-10-20,148.6999969482422,149.75,148.1199951171875,147.17098999023438,58418800
2021-10-21,148.80999755859375,149.63999938964844,147.8699951171875,147.38792419433594,61421000
2021-10-22,149.69000244140625,150.17999267578125,148.63999938964844,146.60897827148438,58883400
2021-10-25,148.67999267578125,149.3699951171875,147.6199951171875,146.55967712402344,50720600
2021-10-26,149.3300018310547,150.83999633789062,149.00999450683594,147.2301788330078,60893400
2021-10-27,149.36000061035156,149.72999572753906,148.49000549316406,146.76673889160156,56094900
2021-10-28,149.82000732421875,153.1699981689453,149.72000122070312,150.43467712402344,100077900
2021-10-29,147.22000122070312,149.94000244140625,146.41000366210938,147.70346069335938,124953200
2021-11-01,148.99000549316406,149.6999969482422,147.8000030517578,146.8751983642578,74588300
2021-11-02,148.66000366210938,151.57000732421875,148.64999389648438,147.9203643798828,69122000
2021-11-03,150.38999938964844,151.97000122070312,149.82000732421875,149.3697967529297,54511500
2021-11-04,151.5800018310547,152.42999267578125,150.63999938964844,148.84719848632812,60394600
2021-11-05,151.88999938964844,152.1999969482422,150.05999755859375,149.3804473876953,65463900
2021-11-08,151.41000366210938,151.57000732421875,150.16000366210938,148.55096435546875,55020900
2021-11-09,150.1999969482422,151.42999267578125,150.05999755859375,148.9163055419922,56787900
2021-11-10,150.02000427246094,150.1300048828125,147.85000610351562,146.06263732910156,65187100
2021-11-11,148.9600067138672,149.42999267578125,147.67999267578125,146.0132598876953,41000000
2021-11-12,148.42999267578125,150.39999389648438,147.47999572753906,148.1066436767578,63804000
2021-11-15,150.3699951171875,151.8800048828125,149.42999267578125,148.1165008544922,59222800
2021-11-16,149.94000244140625,151.49000549316406,149.33999633789062,149.10394287109375,59256200
2021-11-17,151.0,155.0,150.99000549316406,151.56268310546875,88807000
2021-11-18,153.7100067138672,158.6699981689453,153.0500030517578,155.88766479492188,137827700
2021-11-19,157.64999389648438,161.02000427246094,156.52999877929688,158.5340576171875,117305600
2021-11-22,161.67999267578125,165.6999969482422,161.0,158.99813842773438,117467900
2021-11-23,161.1199951171875,161.8000030517578,159.05999755859375,159.3832244873047,96041900
2021-11-24,160.75,162.13999938964844,159.63999938964844,159.90658569335938,69463600
2021-11-26,159.57000732421875,160.4499969482422,156.36000061035156,154.84097290039062,76959800
2021-11-29,159.3699951171875,161.19000244140625,158.7899932861328,158.22792053222656,88748200
2021-11-30,159.99000549316406,165.52000427246094,159.9199981689453,163.22438049316406,174048100
2021-12-01,167.47999572753906,170.3000030517578,164.52999877929688,162.70103454589844,152052500
2021-12-02,158.74000549316406,164.1999969482422,157.8000030517578,161.70370483398438,136739200
2021-12-03,164.02000427246094,164.9600067138672,159.72000122070312,159.80783081054688,118023100
2021-12-06,164.2899932861328,167.8800048828125,164.27999877929688,163.244140625,107497000
2021-12-07,169.0800018310547,171.5800018310547,168.33999633789062,169.030517578125,120405400
2021-12-08,172.1300048828125,175.9600067138672,170.6999969482422,172.88157653808594,116998900
2021-12-09,174.91000366210938,176.75,173.9199981689453,172.36807250976562,108923700
2021-12-10,175.2100067138672,179.6300048828125,174.69000244140625,177.1967010498047,115402700
2021-12-13,181.1199951171875,182.1300048828125,175.52999877929688,173.5332794189453,153237000
2021-12-14,175.25,177.74000549316406,172.2100067138672,172.14100646972656,139380400
2021-12-15,175.11000061035156,179.5,172.30999755859375,177.048583984375,131063300
2021-12-16,179.27999877929688,181.13999938964844,170.75,170.09698486328125,150185800
2021-12-17,169.92999267578125,173.47000122070312,169.69000244140625,168.99107360839844,195432700
2021-12-20,168.27999877929688,170.5800018310547,167.4600067138672,167.61849975585938,107499100
2021-12-21,171.55999755859375,173.1999969482422,169.1199951171875,170.8178253173828,91185900
2021-12-22,173.0399932861328,175.86000061035156,172.14999389648438,173.4345245361328,92135300
2021-12-23,175.85000610351562,176.85000610351562,175.27000427246094,174.06649780273438,68356600
2021-12-27,177.08999633789062,180.4199981689453,177.07000732421875,178.06565856933594,74919600
2021-12-28,180.16000366210938,181.3300018310547,178.52999877929688,177.03871154785156,79144300
2021-12-29,179.3300018310547,180.6300048828125,178.13999938964844,177.12757873535156,62348900
2021-12-30,179.47000122070312,180.57000732421875,178.08999633789062,175.96240234375,59773000
2021-12-31,178.08999633789062,179.22999572753906,177.25999450683594,175.3402862548828,64062300
2022-01-03,177.8300018310547,182.8800048828125,177.7100067138672,179.7245330810547,104487900
2022-01-04,182.6300048828125,182.94000244140625,179.1199951171875,177.44358825683594,99310400
2022-01-05,179.61000061035156,180.1699981689453,174.63999938964844,172.7235870361328,94537600
2022-01-06,172.6999969482422,175.3000030517578,171.63999938964844,169.84027099609375,96904000
2022-01-07,172.88999938964844,174.13999938964844,171.02999877929688,170.00811767578125,86709100
2022-01-10,169.0800018310547,172.5,168.1699981689453,170.02789306640625,106765600
2022-01-11,172.32000732421875,175.17999267578125,170.82000732421875,172.88157653808594,76138300
2022-01-12,176.1199951171875,177.17999267578125,174.82000732421875,173.32591247558594,74805200
2022-01-13,175.77999877929688,176.6199951171875,171.7899932861328,170.02789306640625,84505800
2022-01-14,171.33999633789062,173.77999877929688,171.08999633789062,170.8968505859375,80440800
2022-01-18,171.50999450683594,172.5399932861328,169.41000366210938,167.6678924560547,90956700
2022-01-19,170.0,171.0800018310547,165.94000244140625,164.14268493652344,94815000
2022-01-20,166.97999572753906,169.67999267578125,164.17999267578125,162.44427490234375,91420500
2022-01-21,164.4199981689453,166.3300018310547,162.3000030517578,160.37066650390625,122848900
2022-01-24,160.02000427246094,162.3000030517578,154.6999969482422,159.59059143066406,162294600
2022-01-25,158.97999572753906,162.75999450683594,157.02000427246094,157.77369689941406,115798400
2022-01-26,163.5,164.38999938964844,157.82000732421875,157.684814453125,108275300
2022-01-27,162.4499969482422,163.83999633789062,158.27999877929688,157.22073364257812,121954600
2022-01-28,165.7100067138672,170.35000610351562,162.8000030517578,168.1912078857422,179935700
2022-01-31,170.16000366210938,175.0,169.50999450683594,172.58535766601562,115541600
2022-02-01,174.00999450683594,174.83999633789062,172.30999755859375,172.41746520996094,86213900
2022-02-02,174.75,175.8800048828125,173.3300018310547,173.63204956054688,84914300
2022-02-03,174.47999572753906,176.24000549316406,172.1199951171875,170.72894287109375,89418100
2022-02-04,171.67999267578125,174.10000610351562,170.67999267578125,170.44223022460938,82465400
2022-02-07,172.86000061035156,173.9499969482422,170.9499969482422,169.72047424316406,77251200
2022-02-08,171.72999572753906,175.35000610351562,171.42999267578125,172.8546600341797,74829200
2022-02-09,176.0500030517578,176.64999389648438,174.89999389648438,174.2882843017578,71285000
2022-02-10,174.13999938964844,175.47999572753906,171.5500030517578,170.17527770996094,90865900
2022-02-11,172.3300018310547,173.0800018310547,168.0399932861328,166.734619140625,98670700
2022-02-14,167.3699951171875,169.5800018310547,166.55999755859375,166.97189331054688,86185500
2022-02-15,170.97000122070312,172.9499969482422,170.25,170.83770751953125,62527400
2022-02-16,171.85000610351562,173.33999633789062,170.0500030517578,170.60043334960938,61177400
2022-02-17,171.02999877929688,171.91000366210938,168.47000122070312,166.97189331054688,69589300
2022-02-18,169.82000732421875,170.5399932861328,166.19000244140625,165.40975952148438,82772700
2022-02-22,164.97999572753906,166.69000244140625,162.14999389648438,162.46339416503906,91162800
2022-02-23,165.5399932861328,166.14999389648438,159.75,158.26144409179688,90009200
2022-02-24,152.5800018310547,162.85000610351562,152.0,160.90126037597656,141147500
2022-02-25,163.83999633789062,165.1199951171875,160.8699951171875,162.9874267578125,91974200
2022-02-28,163.05999755859375,165.4199981689453,162.42999267578125,163.25436401367188,95056600
2022-03-01,164.6999969482422,166.60000610351562,161.97000122070312,161.3560791015625,83474400
2022-03-02,164.38999938964844,167.36000061035156,162.9499969482422,164.6781005859375,79724800
2022-03-03,168.47000122070312,168.91000366210938,165.5500030517578,164.3518524169922,76678400
2022-03-04,164.49000549316406,165.5500030517578,162.10000610351562,161.32638549804688,83737200
2022-03-07,163.36000061035156,165.02000427246094,159.0399932861328,157.5001220703125,96418800
2022-03-08,158.82000732421875,162.8800048828125,155.8000030517578,155.66114807128906,131148300
2022-03-09,161.47999572753906,163.41000366210938,159.41000366210938,161.10887145996094,91454900
2022-03-10,160.1999969482422,160.38999938964844,155.97999572753906,156.72894287109375,105342000
2022-03-11,158.92999267578125,159.27999877929688,154.5,152.98175048828125,96970100
2022-03-14,151.4499969482422,154.1199951171875,150.10000610351562,148.91819763183594,108732100
2022-03-15,150.89999389648438,155.57000732421875,150.3800048828125,153.3376922607422,92964300
2022-03-16,157.0500030517578,160.0,154.4600067138672,157.78683471679688,102300200
2022-03-17,158.61000061035156,161.0,157.6300048828125,158.8052215576172,75615400
2022-03-18,160.50999450683594,164.47999572753906,159.75999450683594,162.1272430419922,123511700
2022-03-21,163.50999450683594,166.35000610351562,163.00999450683594,163.51144409179688,95811400
2022-03-22,165.50999450683594,169.4199981689453,164.91000366210938,166.91256713867188,81532000
2022-03-23,167.99000549316406,172.63999938964844,167.64999389648438,168.286865234375,98062700
2022-03-24,171.05999755859375,174.13999938964844,170.2100067138672,172.10324096679688,90131400
2022-03-25,173.8800048828125,175.27999877929688,172.75,172.7458953857422,80546200
2022-03-28,172.1699981689453,175.72999572753906,172.0,173.61598205566406,90371900
2022-03-29,176.69000244140625,179.00999450683594,176.33999633789062,176.93800354003906,100589400
2022-03-30,178.5500030517578,179.61000061035156,176.6999969482422,175.76144409179688,92633200
2022-03-31,177.83999633789062,178.02999877929688,174.39999389648438,172.63714599609375,103049300
2022-04-01,174.02999877929688,174.8800048828125,171.94000244140625,172.34054565429688,78751300
2022-04-04,174.57000732421875,178.49000549316406,174.44000244140625,176.4238739013672,76468400
2022-04-05,177.5,178.3000030517578,174.4199981689453,173.08206176757812,73401800
2022-04-06,172.36000061035156,173.6300048828125,170.1300048828125,169.8885498046875,89058800
2022-04-07,171.16000366210938,173.36000061035156,169.85000610351562,170.19503784179688,77594700
2022-04-08,171.77999877929688,171.77999877929688,169.1999969482422,168.168212890625,76575500
2022-04-11,168.7100067138672,169.02999877929688,165.5,163.8772735595703,72246700
2022-04-12,168.02000427246094,169.8699951171875,166.63999938964844,165.7656707763672,79265200
2022-04-13,167.38999938964844,171.0399932861328,166.77000427246094,168.47471618652344,70618900
2022-04-14,170.6199951171875,171.27000427246094,165.0399932861328,163.4224395751953,75329400
2022-04-18,163.9199981689453,166.60000610351562,163.57000732421875,163.20492553710938,69023900
2022-04-19,165.02000427246094,167.82000732421875,163.91000366210938,165.50860595703125,67723800
2022-04-20,168.75999450683594,168.8800048828125,166.10000610351562,165.34054565429688,67929800
2022-04-21,168.91000366210938,171.52999877929688,165.91000366210938,164.53968811035156,87227800
2022-04-22,166.4600067138672,167.8699951171875,161.5,159.96200561523438,84882400
2022-04-25,161.1199951171875,163.1699981689453,158.4600067138672,161.03968811035156,96046400
2022-04-26,162.25,162.33999633789062,156.72000122070312,155.02835083007812,95623200
2022-04-27,155.91000366210938,159.7899932861328,155.3800048828125,154.8009796142578,88063200
2022-04-28,159.25,164.52000427246094,158.92999267578125,161.7910919189453,130216800
2022-04-29,161.83999633789062,166.1999969482422,157.25,155.86875915527344,131747600
2022-05-02,156.7100067138672,158.22999572753906,153.27000427246094,156.17529296875,123055300
2022-05-03,158.14999389648438,160.7100067138672,156.32000732421875,157.67808532714844,88966500
2022-05-04,159.6699981689453,166.47999572753906,159.25999450683594,164.1442108154297,108256500
2022-05-05,163.85000610351562,164.0800018310547,154.9499969482422,154.99871826171875,130525300
2022-05-06,156.00999450683594,159.44000244140625,154.17999267578125,155.73141479492188,116124600
2022-05-09,154.92999267578125,155.8300018310547,151.49000549316406,150.56280517578125,131577900
2022-05-10,155.52000427246094,156.74000549316406,152.92999267578125,152.98870849609375,115366700
2022-05-11,153.5,155.4499969482422,145.80999755859375,145.05755615234375,142689800
2022-05-12,142.77000427246094,146.1999969482422,138.8000030517578,141.15635681152344,182602000
2022-05-13,144.58999633789062,148.10000610351562,143.11000061035156,145.66156005859375,113990900
2022-05-16,145.5500030517578,147.52000427246094,144.17999267578125,144.1070098876953,86643800
2022-05-17,148.86000061035156,149.77000427246094,146.67999267578125,147.77059936523438,78336300
2022-05-18,146.85000610351562,147.36000061035156,139.89999389648438,139.43350219726562,109742900
2022-05-19,139.8800048828125,141.66000366210938,136.60000610351562,135.99766540527344,136095600
2022-05-20,139.08999633789062,140.6999969482422,132.61000061035156,136.2353057861328,137426100
2022-05-23,137.7899932861328,143.25999450683594,137.64999389648438,141.70094299316406,117726300
2022-05-24,140.80999755859375,141.97000122070312,137.3300018310547,138.97801208496094,104132700
2022-05-25,138.42999267578125,141.7899932861328,138.33999633789062,139.13645935058594,92482700
2022-05-26,137.38999938964844,144.33999633789062,137.13999938964844,142.36434936523438,90601500
2022-05-27,145.38999938964844,149.67999267578125,145.25999450683594,148.16664123535156,90978500
2022-05-31,149.07000732421875,150.66000366210938,146.83999633789062,147.37451171875,103718400
2022-06-01,149.89999389648438,151.74000549316406,147.67999267578125,147.24581909179688,74286600
2022-06-02,147.8300018310547,151.27000427246094,146.86000061035156,149.72119140625,72348100
2022-06-03,146.89999389648438,147.97000122070312,144.4600067138672,143.9486083984375,88570300
2022-06-06,147.02999877929688,148.57000732421875,144.89999389648438,144.70111083984375,71598400
2022-06-07,144.35000610351562,149.0,144.10000610351562,147.24581909179688,67808200
2022-06-08,148.5800018310547,149.8699951171875,147.4600067138672,146.503173828125,53950200
2022-06-09,147.0800018310547,147.9499969482422,142.52999877929688,141.235595703125,69473000
2022-06-10,140.27999877929688,140.75999450683594,137.05999755859375,135.77984619140625,91437900
2022-06-13,132.8699951171875,135.1999969482422,131.44000244140625,130.58152770996094,122207100
2022-06-14,133.1300048828125,133.88999938964844,131.47999572753906,131.4528350830078,84784300
2022-06-15,134.2899932861328,137.33999633789062,132.16000366210938,134.09654235839844,91533000
2022-06-16,132.0800018310547,132.38999938964844,129.0399932861328,128.7794189453125,108123900
2022-06-17,130.07000732421875,133.0800018310547,129.80999755859375,130.26466369628906,134520300
2022-06-21,133.4199981689453,137.05999755859375,133.32000732421875,134.5322265625,81000500
2022-06-22,134.7899932861328,137.75999450683594,133.91000366210938,134.01736450195312,73409200
2022-06-23,136.82000732421875,138.58999633789062,135.6300048828125,136.90859985351562,72433800
2022-06-24,139.89999389648438,141.91000366210938,139.77000427246094,140.2652587890625,89116800
2022-06-27,142.6999969482422,143.49000549316406,140.97000122070312,140.2652587890625,70207900
2022-06-28,142.1300048828125,143.4199981689453,137.32000732421875,136.08677673339844,67083400
2022-06-29,137.4600067138672,140.6699981689453,136.6699981689453,137.85914611816406,66242400
2022-06-30,137.25,138.3699951171875,133.77000427246094,135.3738555908203,98964500
2022-07-01,136.0399932861328,139.0399932861328,135.66000366210938,137.56207275390625,71051600
2022-07-05,137.77000427246094,141.61000061035156,136.92999267578125,140.1662139892578,73353800
2022-07-06,141.35000610351562,144.1199951171875,141.0800018310547,141.51280212402344,74064300
2022-07-07,143.2899932861328,146.5500030517578,143.27999877929688,144.90904235839844,66253700
2022-07-08,145.25999450683594,147.5500030517578,145.0,145.5922393798828,64547800
2022-07-11,145.6699981689453,146.63999938964844,143.77999877929688,143.44361877441406,63141600
2022-07-12,145.75999450683594,148.4499969482422,145.0500030517578,144.42385864257812,77588800
2022-07-13,142.99000549316406,146.4499969482422,142.1199951171875,144.05751037597656,71185600
2022-07-14,144.0800018310547,148.9499969482422,143.25,147.0081787109375,78140700
2022-07-15,149.77999877929688,150.86000061035156,148.1999969482422,148.6914520263672,76259900
2022-07-18,150.74000549316406,151.57000732421875,146.6999969482422,145.62196350097656,81420900
2022-07-19,147.9199981689453,151.22999572753906,146.91000366210938,149.5132598876953,82982400
2022-07-20,151.1199951171875,153.72000122070312,150.3699951171875,151.5331573486328,64823400
2022-07-21,154.5,155.57000732421875,151.94000244140625,153.8204345703125,65086600
2022-07-22,155.38999938964844,156.27999877929688,153.41000366210938,152.5728302001953,66675400
2022-07-25,154.00999450683594,155.0399932861328,152.27999877929688,151.44407653808594,53623900
2022-07-26,152.25999450683594,153.08999633789062,150.8000030517578,150.10736083984375,55138700
2022-07-27,152.5800018310547,157.3300018310547,152.16000366210938,155.24624633789062,78620700
2022-07-28,156.97999572753906,157.63999938964844,154.41000366210938,155.8007354736328,81378700
2022-07-29,161.24000549316406,163.6300048828125,159.5,160.90994262695312,101786900
2022-08-01,161.00999450683594,163.58999633789062,160.88999938964844,159.91978454589844,67829400
2022-08-02,160.10000610351562,162.41000366210938,159.6300048828125,158.4345703125,59907000
2022-08-03,160.83999633789062,166.58999633789062,160.75,164.49429321289062,82507500
2022-08-04,166.00999450683594,167.19000244140625,164.42999267578125,164.1774444580078,55474100
2022-08-05,163.2100067138672,165.85000610351562,163.0,163.94940185546875,56697000
2022-08-08,166.3699951171875,167.80999755859375,164.1999969482422,163.47344970703125,60276900
2022-08-09,164.02000427246094,165.82000732421875,163.25,163.5230255126953,63135500
2022-08-10,167.67999267578125,169.33999633789062,166.89999389648438,167.8064422607422,70170500
2022-08-11,170.05999755859375,170.99000549316406,168.19000244140625,167.06280517578125,57149200
2022-08-12,169.82000732421875,172.1699981689453,169.39999389648438,170.6422119140625,68039400
2022-08-15,171.52000427246094,173.38999938964844,171.35000610351562,171.7229766845703,54091700
2022-08-16,172.77999877929688,173.7100067138672,171.66000366210938,171.5643310546875,56377100
2022-08-17,172.77000427246094,176.14999389648438,172.57000732421875,173.0714569091797,79542000
2022-08-18,173.75,174.89999389648438,173.1199951171875,172.6748504638672,62290100
2022-08-19,173.02999877929688,173.74000549316406,171.30999755859375,170.06712341308594,70346300
2022-08-22,169.69000244140625,169.86000061035156,167.13999938964844,166.15060424804688,69026800
2022-08-23,167.0800018310547,168.7100067138672,166.64999389648438,165.81346130371094,54147100
2022-08-24,167.32000732421875,168.11000061035156,166.25,166.1109161376953,53841500
2022-08-25,168.77999877929688,170.13999938964844,168.35000610351562,168.58973693847656,51218200
2022-08-26,170.57000732421875,171.0500030517578,163.55999755859375,162.23403930664062,78961000
2022-08-29,161.14999389648438,162.89999389648438,159.82000732421875,160.0130157470703,73314000
2022-08-30,162.1300048828125,162.55999755859375,157.72000122070312,157.56394958496094,77906200
2022-08-31,160.30999755859375,160.5800018310547,157.13999938964844,155.88824462890625,87991100
2022-09-01,156.63999938964844,158.4199981689453,154.6699981689453,156.6219940185547,74229900
2022-09-02,159.75,160.36000061035156,154.97000122070312,154.4901885986328,76957800
2022-09-06,156.47000122070312,157.08999633789062,153.69000244140625,153.22103881835938,73714800
2022-09-07,154.82000732421875,156.6699981689453,153.61000061035156,154.638916015625,87449600
2022-09-08,154.63999938964844,156.36000061035156,152.67999267578125,153.15164184570312,84923800
2022-09-09,155.47000122070312,157.82000732421875,154.75,156.03700256347656,68028800
2022-09-12,159.58999633789062,164.25999450683594,159.3000030517578,162.04563903808594,104956000
2022-09-13,159.89999389648438,160.5399932861328,153.3699951171875,152.53689575195312,122656600
2022-09-14,154.7899932861328,157.10000610351562,153.61000061035156,153.9944305419922,87965400
2022-09-15,154.64999389648438,155.24000549316406,151.3800048828125,151.079345703125,90481100
2022-09-16,151.2100067138672,151.35000610351562,148.3699951171875,149.42347717285156,162278800
2022-09-19,149.30999755859375,154.55999755859375,149.10000610351562,153.1714630126953,81474200
2022-09-20,153.39999389648438,158.0800018310547,153.0800018310547,155.57095336914062,107689800
2022-09-21,157.33999633789062,158.74000549316406,153.60000610351562,152.41790771484375,101696800
2022-09-22,152.3800048828125,154.47000122070312,150.91000366210938,151.44622802734375,86652500
2022-09-23,151.19000244140625,151.47000122070312,148.55999755859375,149.15576171875,96029900
2022-09-26,149.66000366210938,153.77000427246094,149.63999938964844,149.49290466308594,93339400
2022-09-27,152.74000549316406,154.72000122070312,149.9499969482422,150.4744873046875,84442700
2022-09-28,147.63999938964844,150.63999938964844,144.83999633789062,148.57077026367188,146691400
2022-09-29,146.10000610351562,146.72000122070312,140.67999267578125,141.27310180664062,128138200
2022-09-30,141.27999877929688,143.10000610351562,138.0,137.0293731689453,124925300
2022-10-03,138.2100067138672,143.07000732421875,137.69000244140625,141.24337768554688,114311700
2022-10-04,145.02999877929688,146.22000122070312,144.25999450683594,144.86244201660156,87830100
2022-10-05,144.07000732421875,147.3800048828125,143.00999450683594,145.159912109375,79471000
2022-10-06,145.80999755859375,147.5399932861328,145.22000122070312,144.1981201171875,68402200
2022-10-07,142.5399932861328,143.10000610351562,139.4499969482422,138.90335083007812,85925600
2022-10-10,140.4199981689453,141.88999938964844,138.57000732421875,139.2305450439453,74899000
2022-10-11,139.89999389648438,141.35000610351562,138.22000122070312,137.80274963378906,77033700
2022-10-12,139.1300048828125,140.36000061035156,138.16000366210938,137.16818237304688,70433700
2022-10-13,134.99000549316406,143.58999633789062,134.3699951171875,141.77879333496094,113224000
2022-10-14,144.30999755859375,144.52000427246094,138.19000244140625,137.20785522460938,88598000
2022-10-17,141.07000732421875,142.89999389648438,140.27000427246094,141.20372009277344,85250900
2022-10-18,145.49000549316406,146.6999969482422,140.61000061035156,142.5323486328125,99136600
2022-10-19,141.69000244140625,144.9499969482422,141.5,142.6414337158203,61758300
2022-10-20,143.02000427246094,145.88999938964844,142.64999389648438,142.17539978027344,64522000
2022-10-21,142.8699951171875,147.85000610351562,142.64999389648438,146.02255249023438,86548600
2022-10-24,147.19000244140625,150.22999572753906,146.0,148.18406677246094,75981900
2022-10-25,150.08999633789062,152.49000549316406,149.36000061035156,151.0496063232422,74732300
2022-10-26,150.9600067138672,151.99000549316406,148.0399932861328,148.0849151611328,88194300
2022-10-27,148.07000732421875,149.0500030517578,144.1300048828125,143.57345581054688,109180200
2022-10-28,148.1999969482422,157.5,147.82000732421875,154.42079162597656,164762400
2022-10-31,153.16000366210938,154.24000549316406,151.9199981689453,152.04112243652344,97943200
2022-11-01,155.0800018310547,155.4499969482422,149.1300048828125,149.3739013671875,80379300
2022-11-02,148.9499969482422,152.1699981689453,145.0,143.801513671875,93604600
2022-11-03,142.05999755859375,142.8000030517578,138.75,137.70361328125,97918500
2022-11-04,142.08999633789062,142.6699981689453,134.3800048828125,137.4354705810547,140814800
2022-11-07,137.11000061035156,139.14999389648438,135.6699981689453,137.9717559814453,83374600
2022-11-08,140.41000366210938,141.42999267578125,137.49000549316406,138.54782104492188,89908500
2022-11-09,138.5,138.5500030517578,134.58999633789062,133.94940185546875,74917800
2022-11-10,141.24000549316406,146.8699951171875,139.5,145.8674774169922,118854000
2022-11-11,145.82000732421875,150.00999450683594,144.3699951171875,148.6781768798828,93979700
2022-11-14,148.97000122070312,150.27999877929688,147.42999267578125,147.26788330078125,73374100
2022-11-15,152.22000122070312,153.58999633789062,148.55999755859375,149.01585388183594,89868300
2022-11-16,149.1300048828125,149.8699951171875,147.2899932861328,147.77438354492188,64218300
2022-11-17,146.42999267578125,151.47999572753906,146.14999389648438,149.6912078857422,80389400
2022-11-18,152.30999755859375,152.6999969482422,149.97000122070312,150.25732421875,74829600
2022-11-21,150.16000366210938,150.3699951171875,147.72000122070312,146.9997100830078,58724100
2022-11-22,148.1300048828125,150.4199981689453,146.92999267578125,149.1549072265625,51804100
2022-11-23,149.4499969482422,151.8300018310547,149.33999633789062,150.03883361816406,58301400
2022-11-25,148.30999755859375,148.8800048828125,147.1199951171875,147.09902954101562,35195900
2022-11-28,145.13999938964844,146.63999938964844,143.3800048828125,143.23558044433594,69246000
2022-11-29,144.2899932861328,144.80999755859375,140.35000610351562,140.2064208984375,83763800
2022-11-30,141.39999389648438,148.72000122070312,140.5500030517578,147.01959228515625,111380900
2022-12-01,148.2100067138672,149.1300048828125,146.61000061035156,147.2976531982422,71250400
2022-12-02,145.9600067138672,148.0,145.64999389648438,146.80108642578125,65447400
2022-12-05,147.77000427246094,150.9199981689453,145.77000427246094,145.62916564941406,68826400
2022-12-06,147.07000732421875,147.3000030517578,141.9199981689453,141.9345245361328,64727200
2022-12-07,142.19000244140625,143.3699951171875,140.0,139.9779815673828,69721100
2022-12-08,142.36000061035156,143.52000427246094,141.10000610351562,141.67628479003906,62128300
2022-12-09,142.33999633789062,145.57000732421875,140.89999389648438,141.18966674804688,76097000
2022-12-12,142.6999969482422,144.5,141.05999755859375,143.50375366210938,70462700
2022-12-13,149.5,149.97000122070312,144.24000549316406,144.47705078125,93886200
2022-12-14,145.35000610351562,146.66000366210938,141.16000366210938,142.23248291015625,82291200
2022-12-15,141.11000061035156,141.8000030517578,136.02999877929688,135.56829833984375,98931900
2022-12-16,136.69000244140625,137.64999389648438,133.72999572753906,133.59185791015625,160156900
2022-12-19,135.11000061035156,135.1999969482422,131.32000732421875,131.46649169921875,79592600
2022-12-20,131.38999938964844,133.25,129.88999938964844,131.39695739746094,77432800
2022-12-21,132.97999572753906,136.80999755859375,132.75,134.5254364013672,85928000
2022-12-22,134.35000610351562,134.55999755859375,130.3000030517578,131.32742309570312,77852100
2022-12-23,130.9199981689453,132.4199981689453,129.63999938964844,130.95997619628906,63814900
2022-12-27,131.3800048828125,131.41000366210938,128.72000122070312,129.1424560546875,69007800
2022-12-28,129.6699981689453,131.02999877929688,125.87000274658203,125.17967987060547,85438400
2022-12-29,127.98999786376953,130.47999572753906,127.7300033569336,128.7252960205078,75703700
2022-12-30,128.41000366210938,129.9499969482422,127.43000030517578,129.0431365966797,77034200
2023-01-03,130.27999877929688,130.89999389648438,124.16999816894531,124.21630096435547,112117500
2023-01-04,126.88999938964844,128.66000366210938,125.08000183105469,125.49750518798828,89113600
2023-01-05,127.12999725341797,127.7699966430664,124.76000213623047,124.16664123535156,80962700
2023-01-06,126.01000213623047,130.2899932861328,124.88999938964844,128.73524475097656,87754700
2023-01-09,130.47000122070312,133.41000366210938,129.88999938964844,129.26162719726562,70790800
2023-01-10,130.25999450683594,131.25999450683594,128.1199951171875,129.837646484375,63896200
2023-01-11,131.25,133.50999450683594,130.4600067138672,132.57884216308594,69458900
2023-01-12,133.8800048828125,134.25999450683594,131.44000244140625,132.4993896484375,71379600
2023-01-13,132.02999877929688,134.9199981689453,131.66000366210938,133.8401641845703,57809700
2023-01-17,134.8300018310547,137.2899932861328,134.1300048828125,135.01210021972656,63646600
2023-01-18,136.82000732421875,138.61000061035156,135.02999877929688,134.28707885742188,69672800
2023-01-19,134.0800018310547,136.25,133.77000427246094,134.3466796875,58280400
2023-01-20,135.27999877929688,138.02000427246094,134.22000122070312,136.92893981933594,80223600
2023-01-23,138.1199951171875,143.32000732421875,137.89999389648438,140.14682006835938,81760300
2023-01-24,140.30999755859375,143.16000366210938,140.3000030517578,141.55711364746094,66435100
2023-01-25,140.88999938964844,142.42999267578125,138.80999755859375,140.89169311523438,65799300
2023-01-26,143.1699981689453,144.25,141.89999389648438,142.97738647460938,54105100
2023-01-27,143.16000366210938,147.22999572753906,143.0800018310547,144.9339141845703,70555800
2023-01-30,144.9600067138672,145.5500030517578,142.85000610351562,142.02392578125,64015300
2023-01-31,142.6999969482422,144.33999633789062,142.27999877929688,143.30511474609375,65874500
2023-02-01,143.97000122070312,146.61000061035156,141.32000732421875,144.43731689453125,77663600
2023-02-02,148.89999389648438,151.17999267578125,148.1699981689453,149.79055786132812,118339000
2023-02-03,148.02999877929688,157.3800048828125,147.8300018310547,153.44541931152344,154357300
2023-02-06,152.57000732421875,153.10000610351562,150.77999877929688,150.6943359375,69858300
2023-02-07,150.63999938964844,155.22999572753906,150.63999938964844,153.5944061279297,83322600
2023-02-08,153.8800048828125,154.5800018310547,151.1699981689453,150.88302612304688,64120100
2023-02-09,153.77999877929688,154.3300018310547,150.4199981689453,149.84019470214844,56007100
2023-02-10,149.4600067138672,151.33999633789062,149.22000122070312,150.20823669433594,57450700
2023-02-13,150.9499969482422,154.25999450683594,150.9199981689453,153.03317260742188,62199000
2023-02-14,152.1199951171875,153.77000427246094,150.86000061035156,152.3865966796875,61707600
2023-02-15,153.11000061035156,155.5,152.8800048828125,154.5052947998047,65573800
2023-02-16,153.50999450683594,156.3300018310547,153.35000610351562,152.89389038085938,68167900
2023-02-17,152.35000610351562,153.0,150.85000610351562,151.7400665283203,59144100
2023-02-21,150.1999969482422,151.3000030517578,148.41000366210938,147.691650390625,58867200
2023-02-22,148.8699951171875,149.9499969482422,147.16000366210938,148.119384765625,51011300
2023-02-23,150.08999633789062,150.33999633789062,147.24000549316406,148.6067657470703,48394200
2023-02-24,147.11000061035156,147.19000244140625,145.72000122070312,145.9310760498047,55469600
2023-02-27,147.7100067138672,149.1699981689453,147.4499969482422,147.1346435546875,44998500
2023-02-28,147.0500030517578,149.0800018310547,146.8300018310547,146.62734985351562,50547000
2023-03-01,146.8300018310547,147.22999572753906,145.00999450683594,144.5384979248047,55479000
2023-03-02,144.3800048828125,146.7100067138672,143.89999389648438,145.1353302001953,52238100
2023-03-03,148.0399932861328,151.11000061035156,147.3300018310547,150.22813415527344,70732300
2023-03-06,153.7899932861328,156.3000030517578,153.4600067138672,153.01327514648438,87558000
2023-03-07,153.6999969482422,154.02999877929688,151.1300048828125,150.79510498046875,56182000
2023-03-08,152.80999755859375,153.47000122070312,151.8300018310547,152.05833435058594,47204800
2023-03-09,153.55999755859375,154.5399932861328,150.22999572753906,149.79046630859375,53833600
2023-03-10,150.2100067138672,150.94000244140625,147.61000061035156,147.71156311035156,68572400
2023-03-13,147.80999755859375,153.13999938964844,147.6999969482422,149.67111206054688,84457100
2023-03-14,151.27999877929688,153.39999389648438,150.10000610351562,151.7798309326172,73695900
2023-03-15,151.19000244140625,153.25,149.9199981689453,152.17771911621094,77167900
2023-03-16,152.16000366210938,156.4600067138672,151.63999938964844,155.0225372314453,76161100
2023-03-17,156.0800018310547,156.74000549316406,154.27999877929688,154.1770477294922,98944600
2023-03-20,155.07000732421875,157.82000732421875,154.14999389648438,156.56430053710938,73641400
2023-03-21,157.32000732421875,159.39999389648438,156.5399932861328,158.43431091308594,73938300
2023-03-22,159.3000030517578,162.13999938964844,157.80999755859375,156.9920196533203,75701800
2023-03-23,158.8300018310547,161.5500030517578,157.67999267578125,158.08616638183594,67622100
2023-03-24,158.86000061035156,160.33999633789062,157.85000610351562,159.39918518066406,59196500
2023-03-27,159.94000244140625,160.77000427246094,157.8699951171875,157.43963623046875,52390300
2023-03-28,157.97000122070312,158.49000549316406,155.97999572753906,156.81297302246094,45992200
2023-03-29,159.3699951171875,161.0500030517578,159.35000610351562,159.9164276123047,51305700
2023-03-30,161.52999877929688,162.47000122070312,161.27000427246094,161.4979705810547,49501700
2023-03-31,162.44000244140625,165.0,161.91000366210938,164.02447509765625,68749800
2023-04-03,164.27000427246094,166.2899932861328,164.22000122070312,165.28775024414062,56976200
2023-04-04,166.60000610351562,166.83999633789062,165.11000061035156,164.75062561035156,46278300
2023-04-05,164.74000549316406,165.0500030517578,161.8000030517578,162.8905487060547,51511700
2023-04-06,162.42999267578125,164.9600067138672,162.0,163.7857666015625,45390100
2023-04-10,161.4199981689453,162.02999877929688,160.0800018310547,161.1697235107422,47716900
2023-04-11,162.35000610351562,162.36000061035156,160.50999450683594,159.9462432861328,47644200
2023-04-12,161.22000122070312,162.05999755859375,159.77999877929688,159.24998474121094,50133100
2023-04-13,161.6300048828125,165.8000030517578,161.4199981689453,164.68099975585938,68445600
2023-04-14,164.58999633789062,166.32000732421875,163.82000732421875,164.33285522460938,49386500
2023-04-17,165.08999633789062,165.38999938964844,164.02999877929688,164.3527374267578,41516200
2023-04-18,166.10000610351562,167.41000366210938,165.64999389648438,165.58616638183594,49923000
2023-04-19,165.8000030517578,168.16000366210938,165.5399932861328,166.739990234375,47720200
2023-04-20,166.08999633789062,167.8699951171875,165.55999755859375,165.76519775390625,52456400
2023-04-21,165.0500030517578,166.4499969482422,164.49000549316406,164.14385986328125,58337300
2023-04-24,165.0,165.60000610351562,163.88999938964844,164.45220947265625,41949600
2023-04-25,165.19000244140625,166.30999755859375,163.72999572753906,162.90049743652344,48714100
2023-04-26,163.05999755859375,165.27999877929688,162.8000030517578,162.8905487060547,45498800
2023-04-27,165.19000244140625,168.55999755859375,165.19000244140625,167.51585388183594,64902300
2023-04-28,168.49000549316406,169.85000610351562,167.8800048828125,168.7790985107422,55209200
2023-05-01,169.27999877929688,170.4499969482422,168.63999938964844,168.68959045410156,52472900
2023-05-02,170.08999633789062,170.35000610351562,167.5399932861328,167.64515686035156,48425700
2023-05-03,169.5,170.9199981689453,167.16000366210938,166.56094360351562,65136000
2023-05-04,164.88999938964844,167.0399932861328,164.30999755859375,164.90975952148438,81235400
2023-05-05,170.97999572753906,174.3000030517578,170.75999450683594,172.6484832763672,113316400
2023-05-08,172.47999572753906,173.85000610351562,172.11000061035156,172.57882690429688,55962800
2023-05-09,173.0500030517578,173.5399932861328,171.60000610351562,170.85801696777344,45326900
2023-05-10,173.02000427246094,174.02999877929688,171.89999389648438,172.63851928710938,53724500
2023-05-11,173.85000610351562,174.58999633789062,172.1699981689453,172.82748413085938,49514700
2023-05-12,173.6199951171875,174.05999755859375,171.0,171.89120483398438,45497800
2023-05-15,173.16000366210938,173.2100067138672,171.47000122070312,171.39317321777344,37266700
2023-05-16,171.99000549316406,173.13999938964844,171.8000030517578,171.39317321777344,42110300
2023-05-17,171.7100067138672,172.92999267578125,170.4199981689453,172.01072692871094,57951600
2023-05-18,173.0,175.24000549316406,172.5800018310547,174.36143493652344,65496700
2023-05-19,176.38999938964844,176.38999938964844,174.94000244140625,174.4710235595703,55772400
2023-05-22,173.97999572753906,174.7100067138672,173.4499969482422,173.5147705078125,43570900
2023-05-23,173.1300048828125,173.3800048828125,171.27999877929688,170.88516235351562,50747300
2023-05-24,171.08999633789062,172.4199981689453,170.52000427246094,171.1640625,45143500
2023-05-25,172.41000366210938,173.89999389648438,171.69000244140625,172.30955505371094,56058300
2023-05-26,173.32000732421875,175.77000427246094,173.11000061035156,174.7399444580078,54835000
2023-05-30,176.9600067138672,178.99000549316406,176.57000732421875,176.60260009765625,55964400
2023-05-31,177.3300018310547,179.35000610351562,176.75999450683594,176.5527801513672,99625300
2023-06-01,177.6999969482422,180.1199951171875,176.92999267578125,179.38160705566406,68901800
2023-06-02,181.02999877929688,181.77999877929688,179.25999450683594,180.23822021484375,61945900
2023-06-05,182.6300048828125,184.9499969482422,178.0399932861328,178.87362670898438,121946500
2023-06-06,179.97000122070312,180.1199951171875,177.42999267578125,178.5050811767578,64848400
2023-06-07,178.44000244140625,181.2100067138672,177.32000732421875,177.1205596923828,61944600
2023-06-08,177.89999389648438,180.83999633789062,177.4600067138672,179.8597412109375,50214900
2023-06-09,181.5,182.22999572753906,180.6300048828125,180.24818420410156,48870700
2023-06-12,181.27000427246094,183.88999938964844,180.97000122070312,183.0670623779297,54274900
2023-06-13,182.8000030517578,184.14999389648438,182.44000244140625,182.5889434814453,54929100
2023-06-14,183.3699951171875,184.38999938964844,182.02000427246094,183.2264404296875,57462900
2023-06-15,183.9600067138672,186.52000427246094,183.77999877929688,185.2783203125,65433200
2023-06-16,186.72999572753906,186.99000549316406,184.27000427246094,184.19261169433594,101235600
2023-06-20,184.41000366210938,186.10000610351562,184.41000366210938,184.28225708007812,49799100
2023-06-21,184.89999389648438,185.41000366210938,182.58999633789062,183.2364044189453,49515700
2023-06-22,183.74000549316406,187.0500030517578,183.6699981689453,186.26443481445312,51245300
2023-06-23,185.5500030517578,187.55999755859375,185.00999450683594,185.94569396972656,53079300
2023-06-26,186.8300018310547,188.0500030517578,185.22999572753906,184.54122924804688,48088700
2023-06-27,185.88999938964844,188.38999938964844,185.6699981689453,187.32025146484375,50730800
2023-06-28,187.92999267578125,189.89999389648438,187.60000610351562,188.50558471679688,51216800
2023-06-29,189.0800018310547,190.07000732421875,188.94000244140625,188.84425354003906,46347300
2023-06-30,191.6300048828125,194.47999572753906,191.25999450683594,193.20703125,85069600
2023-07-03,193.77999877929688,193.8800048828125,191.75999450683594,191.70297241210938,31458200
2023-07-05,191.57000732421875,192.97999572753906,190.6199951171875,190.577392578125,46920300
2023-07-06,189.83999633789062,192.02000427246094,189.1999969482422,191.05551147460938,45094300
2023-07-07,191.41000366210938,192.6699981689453,190.24000549316406,189.92994689941406,46778000
2023-07-10,189.25999450683594,189.99000549316406,187.0399932861328,187.86810302734375,59922200
2023-07-11,189.16000366210938,189.3000030517578,186.60000610351562,187.34019470214844,46638100
2023-07-12,189.67999267578125,191.6999969482422,188.47000122070312,189.02354431152344,60750200
2023-07-13,190.5,191.19000244140625,189.77999877929688,189.79049682617188,41342300
2023-07-14,190.22999572753906,191.17999267578125,189.6300048828125,189.93992614746094,41573900
2023-07-17,191.89999389648438,194.32000732421875,191.80999755859375,193.22694396972656,50520200
2023-07-18,193.35000610351562,194.3300018310547,192.4199981689453,192.9679718017578,48353800
2023-07-19,193.10000610351562,198.22999572753906,192.64999389648438,194.33258056640625,80507300
2023-07-20,195.08999633789062,196.47000122070312,192.5,192.37033081054688,59581200
2023-07-21,194.10000610351562,194.97000122070312,191.22999572753906,191.18499755859375,71917800
2023-07-24,193.41000366210938,194.91000366210938,192.25,191.9918212890625,45377800
2023-07-25,193.3300018310547,194.44000244140625,192.9199981689453,192.85838317871094,37283200
2023-07-26,193.6699981689453,195.63999938964844,193.32000732421875,193.73492431640625,47471900
2023-07-27,196.02000427246094,197.1999969482422,192.5500030517578,192.45997619628906,47460200
2023-07-28,194.6699981689453,196.6300048828125,194.13999938964844,195.05970764160156,48291400
2023-07-31,196.05999755859375,196.49000549316406,195.25999450683594,195.67726135253906,38824100
2023-08-01,196.24000549316406,196.72999572753906,195.27999877929688,194.840576171875,35175100
2023-08-02,195.0399932861328,195.17999267578125,191.85000610351562,191.82249450683594,50389300
2023-08-03,191.57000732421875,192.3699951171875,190.69000244140625,190.41802978515625,61235200
2023-08-04,185.52000427246094,187.3800048828125,181.9199981689453,181.27415466308594,115799700
2023-08-07,182.1300048828125,183.1300048828125,177.35000610351562,178.14649963378906,97576100
2023-08-08,179.69000244140625,180.27000427246094,177.5800018310547,179.09275817871094,67823000
2023-08-09,180.8699951171875,180.92999267578125,177.00999450683594,177.48910522460938,60378500
2023-08-10,179.47999572753906,180.75,177.60000610351562,177.26995849609375,54686900
2023-08-11,177.32000732421875,178.6199951171875,176.5500030517578,177.3297882080078,51988100
2023-08-14,177.97000122070312,179.69000244140625,177.30999755859375,178.99549865722656,43675600
2023-08-15,178.8800048828125,179.47999572753906,177.0500030517578,176.9906768798828,43622600
2023-08-16,177.1300048828125,178.5399932861328,176.5,176.1129608154297,46964900
2023-08-17,177.13999938964844,177.50999450683594,173.47999572753906,173.54962158203125,66062900
2023-08-18,172.3000030517578,175.10000610351562,171.9600067138672,174.03836059570312,61114200
2023-08-21,175.07000732421875,176.1300048828125,173.74000549316406,175.3848419189453,46311900
2023-08-22,177.05999755859375,177.67999267578125,176.25,176.77125549316406,42084200
2023-08-23,178.52000427246094,181.5500030517578,178.3300018310547,180.65118408203125,52722800
2023-08-24,180.6699981689453,181.10000610351562,176.00999450683594,175.9234619140625,54945800
2023-08-25,177.3800048828125,179.14999389648438,175.82000732421875,178.14768981933594,51449600
2023-08-28,180.08999633789062,180.58999633789062,178.5500030517578,179.72360229492188,43820700
2023-08-29,179.6999969482422,184.89999389648438,179.5,183.64340209960938,53003900
2023-08-30,184.94000244140625,187.85000610351562,184.74000549316406,187.16427612304688,60813900
2023-08-31,187.83999633789062,189.1199951171875,187.47999572753906,187.38369750976562,60794500
2023-09-01,189.49000549316406,189.9199981689453,188.27999877929688,188.96958923339844,45732600
2023-09-05,188.27999877929688,189.97999572753906,187.61000061035156,189.20896911621094,45280000
2023-09-06,188.39999389648438,188.85000610351562,181.47000122070312,182.43653869628906,81755800
2023-09-07,175.17999267578125,178.2100067138672,173.5399932861328,177.1003875732422,112488800
2023-09-08,178.35000610351562,180.24000549316406,177.7899932861328,177.71878051757812,65551300
2023-09-11,180.07000732421875,180.3000030517578,177.33999633789062,178.89573669433594,58953100
2023-09-12,179.49000549316406,180.1300048828125,174.82000732421875,175.8436737060547,90370200
2023-09-13,176.50999450683594,177.3000030517578,173.97999572753906,173.7590789794922,84267900
2023-09-14,174.0,176.10000610351562,173.5800018310547,175.2851104736328,60895800
2023-09-15,176.47999572753906,176.5,173.82000732421875,174.55699157714844,109205100
2023-09-18,176.47999572753906,179.3800048828125,176.1699981689453,177.50933837890625,67257600
2023-09-19,177.52000427246094,179.6300048828125,177.1300048828125,178.6064910888672,51826900
2023-09-20,179.25999450683594,179.6999969482422,175.39999389648438,175.03575134277344,58436200
2023-09-21,174.5500030517578,176.3000030517578,173.86000061035156,173.4797821044922,63047900
2023-09-22,174.6699981689453,177.0800018310547,174.0500030517578,174.3375701904297,56725400
2023-09-25,174.1999969482422,176.97000122070312,174.14999389648438,175.62423706054688,46172700
2023-09-26,174.82000732421875,175.1999969482422,171.66000366210938,171.514892578125,64588900
2023-09-27,172.6199951171875,173.0399932861328,169.0500030517578,169.9888458251953,66921800
2023-09-28,169.33999633789062,172.02999877929688,167.6199951171875,170.24818420410156,56294400
2023-09-29,172.02000427246094,173.07000732421875,170.33999633789062,170.766845703125,51814200
2023-10-02,171.22000122070312,174.3000030517578,170.92999267578125,173.3002471923828,52164500
2023-10-03,172.25999450683594,173.6300048828125,170.82000732421875,171.9537353515625,49594600
2023-10-04,171.08999633789062,174.2100067138672,170.97000122070312,173.2104949951172,53020300
2023-10-05,173.7899932861328,175.4499969482422,172.67999267578125,174.45726013183594,48527900
2023-10-06,173.8000030517578,177.99000549316406,173.17999267578125,177.03057861328125,57224100
2023-10-09,176.80999755859375,179.0500030517578,175.8000030517578,178.52670288085938,42390800
2023-10-10,178.10000610351562,179.72000122070312,177.9499969482422,177.92825317382812,43698000
2023-10-11,178.1999969482422,179.85000610351562,177.60000610351562,179.3345947265625,47551100
2023-10-12,180.07000732421875,182.33999633789062,179.0399932861328,180.24224853515625,56743100
2023-10-13,181.4199981689453,181.92999267578125,178.13999938964844,178.38706970214844,51427100
2023-10-16,176.75,179.0800018310547,176.50999450683594,178.25738525390625,52517000
2023-10-17,176.64999389648438,178.4199981689453,174.8000030517578,176.6914520263672,57549400
2023-10-18,175.5800018310547,177.5800018310547,175.11000061035156,175.3848419189453,54764400
2023-10-19,176.0399932861328,177.83999633789062,175.19000244140625,175.00584411621094,59302900
2023-10-20,175.30999755859375,175.4199981689453,172.63999938964844,172.43251037597656,64189300
2023-10-23,170.91000366210938,174.00999450683594,169.92999267578125,172.5522003173828,55980100
2023-10-24,173.0500030517578,173.6699981689453,171.4499969482422,172.99105834960938,43816600
2023-10-25,171.8800048828125,173.05999755859375,170.64999389648438,170.65711975097656,57157000
2023-10-26,170.3699951171875,171.3800048828125,165.6699981689453,166.4580078125,70625300
2023-10-27,166.91000366210938,168.9600067138672,166.8300018310547,167.78456115722656,58499100
2023-10-30,169.02000427246094,171.1699981689453,168.8699951171875,169.8491973876953,51131000
2023-10-31,169.35000610351562,170.89999389648438,167.89999389648438,170.32797241210938,44846000
2023-11-01,171.0,174.22999572753906,170.1199951171875,173.51968383789062,56934900
2023-11-02,175.52000427246094,177.77999877929688,175.4600067138672,177.11036682128906,77334800
2023-11-03,174.24000549316406,176.82000732421875,173.35000610351562,176.19273376464844,79763700
2023-11-06,176.3800048828125,179.42999267578125,176.2100067138672,178.7660675048828,63841300
2023-11-07,179.17999267578125,182.44000244140625,178.97000122070312,181.349365234375,70530000
2023-11-08,182.35000610351562,183.4499969482422,181.58999633789062,182.41659545898438,49340300
2023-11-09,182.9600067138672,184.1199951171875,181.80999755859375,181.93783569335938,53763500
2023-11-10,183.97000122070312,186.57000732421875,183.52999877929688,186.16244506835938,66133400
2023-11-13,185.82000732421875,186.02999877929688,184.2100067138672,184.5644989013672,43627500
2023-11-14,187.6999969482422,188.11000061035156,186.3000030517578,187.2011260986328,60108400
2023-11-15,187.85000610351562,189.5,187.77999877929688,187.7703857421875,53790500
2023-11-16,189.57000732421875,190.9600067138672,188.64999389648438,189.46824645996094,54412900
2023-11-17,190.25,190.3800048828125,188.57000732421875,189.44825744628906,50922700
2023-11-20,189.88999938964844,191.91000366210938,189.8800048828125,191.2060089111328,46505100
2023-11-21,191.41000366210938,191.52000427246094,189.74000549316406,190.3970489501953,38134500
2023-11-22,191.49000549316406,192.92999267578125,190.8300018310547,191.06619262695312,39617700
2023-11-24,190.8699951171875,190.89999389648438,189.25,189.7279052734375,24048300
2023-11-27,189.9199981689453,190.6699981689453,188.89999389648438,189.54812622070312,40552600
2023-11-28,189.77999877929688,191.0800018310547,189.39999389648438,190.1573486328125,38415400
2023-11-29,190.89999389648438,192.08999633789062,188.97000122070312,189.128662109375,43014200
2023-11-30,189.83999633789062,190.32000732421875,188.19000244140625,189.70791625976562,48794400
2023-12-01,190.3300018310547,191.55999755859375,189.22999572753906,190.9962921142578,45679300
2023-12-04,189.97999572753906,190.0500030517578,187.4499969482422,189.18858337402344,43389500
2023-12-05,190.2100067138672,194.39999389648438,190.17999267578125,193.1735076904297,66628400
2023-12-06,194.4499969482422,194.75999450683594,192.11000061035156,192.07492065429688,41089700
2023-12-07,193.6300048828125,195.0,193.58999633789062,194.02243041992188,47477700
2023-12-08,194.1999969482422,195.99000549316406,193.6699981689453,195.46058654785156,53377300
2023-12-11,193.11000061035156,193.49000549316406,191.4199981689453,192.93380737304688,60943700
2023-12-12,193.0800018310547,194.72000122070312,191.72000122070312,194.4618682861328,52696900
2023-12-13,195.08999633789062,198.0,194.85000610351562,197.7077178955078,70404200
2023-12-14,198.02000427246094,199.6199951171875,196.16000366210938,197.85752868652344,66831600
2023-12-15,197.52999877929688,198.39999389648438,197.0,197.31822204589844,128256700
2023-12-18,196.08999633789062,196.6300048828125,194.38999938964844,195.64035034179688,55751900
2023-12-19,196.16000366210938,196.9499969482422,195.88999938964844,196.68902587890625,40714100
2023-12-20,196.89999389648438,197.67999267578125,194.8300018310547,194.5817108154297,52242800
2023-12-21,196.10000610351562,197.0800018310547,193.5,194.431884765625,46482500
2023-12-22,195.17999267578125,195.41000366210938,192.97000122070312,193.35328674316406,37122800
2023-12-26,193.61000061035156,193.88999938964844,192.8300018310547,192.80398559570312,28919300
2023-12-27,192.49000549316406,193.5,191.08999633789062,192.90383911132812,48087700
2023-12-28,194.13999938964844,194.66000366210938,193.1699981689453,193.3332977294922,34049900
2023-12-29,193.89999389648438,194.39999389648438,191.72999572753906,192.28463745117188,42628800
2024-01-02,187.14999389648438,188.44000244140625,183.88999938964844,185.40341186523438,82488700
2024-01-03,184.22000122070312,185.8800048828125,183.42999267578125,184.01519775390625,58414500
2024-01-04,182.14999389648438,183.08999633789062,180.8800048828125,181.6781768798828,71983600
2024-01-05,181.99000549316406,182.75999450683594,180.1699981689453,180.9490966796875,62303300
2024-01-08,182.08999633789062,185.60000610351562,181.5,185.32351684570312,59144500
2024-01-09,183.9199981689453,185.14999389648438,182.72999572753906,184.904052734375,42841800
2024-01-10,184.35000610351562,186.39999389648438,183.9199981689453,185.9527130126953,46792900
2024-01-11,186.5399932861328,187.0500030517578,183.6199951171875,185.35348510742188,49128400
2024-01-12,186.05999755859375,186.74000549316406,185.19000244140625,185.6830596923828,40444700
2024-01-16,182.16000366210938,184.25999450683594,180.92999267578125,183.39598083496094,65603000
2024-01-17,181.27000427246094,182.92999267578125,180.3000030517578,182.4471893310547,47317400
2024-01-18,186.08999633789062,189.13999938964844,185.8300018310547,188.38961791992188,78005800
2024-01-19,189.3300018310547,191.9499969482422,188.82000732421875,191.3158721923828,68741000
2024-01-22,192.3000030517578,195.3300018310547,192.25999450683594,193.6428985595703,60133900
2024-01-23,195.02000427246094,195.75,193.8300018310547,194.93125915527344,42355600
2024-01-24,195.4199981689453,196.3800048828125,194.33999633789062,194.2521209716797,53631300
2024-01-25,195.22000122070312,196.27000427246094,193.11000061035156,193.92254638671875,54822100
2024-01-26,194.27000427246094,194.75999450683594,191.94000244140625,192.17477416992188,44594000
2024-01-29,192.00999450683594,192.1999969482422,189.5800018310547,191.48565673828125,47145600
2024-01-30,190.94000244140625,191.8000030517578,187.47000122070312,187.80035400390625,55859400
2024-01-31,187.0399932861328,187.10000610351562,184.35000610351562,184.1649932861328,55467800
2024-02-01,183.99000549316406,186.9499969482422,183.82000732421875,186.6218719482422,64885400
2024-02-02,179.86000061035156,187.3300018310547,179.25,185.6131591796875,102518000
2024-02-05,188.14999389648438,189.25,185.83999633789062,187.44081115722656,69668800
2024-02-06,186.86000061035156,189.30999755859375,186.77000427246094,189.0587615966797,43490800
2024-02-07,190.63999938964844,191.0500030517578,188.61000061035156,189.1686248779297,53439000
2024-02-08,189.38999938964844,189.5399932861328,187.35000610351562,188.08001708984375,40962000
2024-02-09,188.64999389648438,189.99000549316406,188.0,188.85000610351562,45155200
2024-02-12,188.4199981689453,188.6699981689453,186.7899932861328,187.14999389648438,41781900
2024-02-13,185.77000427246094,186.2100067138672,183.50999450683594,185.0399932861328,56529500
2024-02-14,185.32000732421875,185.52999877929688,182.44000244140625,184.14999389648438,54630500
2024-02-15,183.5500030517578,184.49000549316406,181.35000610351562,183.86000061035156,65434500
2024-02-16,183.4199981689453,184.85000610351562,181.6699981689453,182.30999755859375,49701400
2024-02-20,181.7899932861328,182.42999267578125,180.0,181.55999755859375,53665600
2024-02-21,181.94000244140625,182.88999938964844,180.66000366210938,182.32000732421875,41529700
2024-02-22,183.47999572753906,184.9600067138672,182.4600067138672,184.3699951171875,52292200
2024-02-23,185.00999450683594,185.0399932861328,182.22999572753906,182.52000427246094,45119700
2024-02-26,182.24000549316406,182.75999450683594,180.64999389648438,181.16000366210938,40867400
2024-02-27,181.10000610351562,183.9199981689453,179.55999755859375,182.6300048828125,54318900
2024-02-28,182.50999450683594,183.1199951171875,180.1300048828125,181.4199981689453,48953900
2024-02-29,181.27000427246094,182.57000732421875,179.52999877929688,180.75,136682600
2024-03-01,179.5500030517578,180.52999877929688,177.3800048828125,179.66000366210938,73488000
2024-03-04,176.14999389648438,176.89999389648438,173.7899932861328,175.10000610351562,81510100
2024-03-05,170.75999450683594,172.0399932861328,169.6199951171875,170.1199951171875,95132400
2024-03-06,171.05999755859375,171.24000549316406,168.67999267578125,169.1199951171875,68587700
2024-03-07,169.14999389648438,170.72999572753906,168.49000549316406,169.0,71765100
2024-03-08,169.0,173.6999969482422,168.94000244140625,170.72999572753906,76114600
2024-03-11,172.94000244140625,174.3800048828125,172.0500030517578,172.75,60139500
2024-03-12,173.14999389648438,174.02999877929688,171.00999450683594,173.22999572753906,59825400
2024-03-13,172.77000427246094,173.19000244140625,170.75999450683594,171.1300048828125,52488700
2024-03-14,172.91000366210938,174.30999755859375,172.0500030517578,173.0,72913500
2024-03-15,171.1699981689453,172.6199951171875,170.2899932861328,172.6199951171875,121664700
2024-03-18,175.57000732421875,177.7100067138672,173.52000427246094,173.72000122070312,75604200
2024-03-19,174.33999633789062,176.61000061035156,173.02999877929688,176.0800018310547,55215200
2024-03-20,175.72000122070312,178.6699981689453,175.08999633789062,178.6699981689453,53423100
2024-03-21,177.0500030517578,177.49000549316406,170.83999633789062,171.3699951171875,106181300
2024-03-22,171.75999450683594,173.0500030517578,170.05999755859375,172.27999877929688,71106600
2024-03-25,170.57000732421875,171.94000244140625,169.4499969482422,170.85000610351562,54288300
2024-03-26,170.0,171.4199981689453,169.5800018310547,169.7100067138672,57388400
2024-03-27,170.41000366210938,173.60000610351562,170.11000061035156,173.30999755859375,60273300
2024-03-28,171.75,172.22999572753906,170.50999450683594,171.47999572753906,65672700
2024-04-01,171.19000244140625,171.25,169.47999572753906,170.02999877929688,46240500
2024-04-02,169.0800018310547,169.33999633789062,168.22999572753906,168.83999633789062,49329500
2024-04-03,168.7899932861328,170.67999267578125,168.5800018310547,169.64999389648438,47691700
2024-04-04,170.2899932861328,171.9199981689453,168.82000732421875,168.82000732421875,53704400
2024-04-05,169.58999633789062,170.38999938964844,168.9499969482422,169.5800018310547,42055200
2024-04-08,169.02999877929688,169.1999969482422,168.24000549316406,168.4499969482422,37425500
2024-04-09,168.6999969482422,170.0800018310547,168.35000610351562,169.6699981689453,42451200
2024-04-10,168.8000030517578,169.08999633789062,167.11000061035156,167.77999877929688,49709300
2024-04-11,168.33999633789062,175.4600067138672,168.16000366210938,175.0399932861328,91070300
2024-04-12,174.25999450683594,178.36000061035156,174.2100067138672,176.5500030517578,101593300
2024-04-15,175.36000061035156,176.6300048828125,172.5,172.69000244140625,73531800
2024-04-16,171.75,173.75999450683594,168.27000427246094,169.3800048828125,73711200
2024-04-17,169.61000061035156,170.64999389648438,168.0,168.0,50901200
2024-04-18,168.02999877929688,168.63999938964844,166.5500030517578,167.0399932861328,43122900
2024-04-19,166.2100067138672,166.39999389648438,164.0800018310547,165.0,67772100
2024-04-22,165.52000427246094,167.25999450683594,164.77000427246094,165.83999633789062,48116400
2024-04-23,165.35000610351562,167.0500030517578,164.9199981689453,166.89999389648438,49537800
2024-04-24,166.5399932861328,169.3000030517578,166.2100067138672,169.02000427246094,48251800
2024-04-25,169.52999877929688,170.61000061035156,168.14999389648438,169.88999938964844,50558300
2024-04-26,169.8800048828125,171.33999633789062,169.17999267578125,169.3000030517578,44838400
2024-04-29,173.3699951171875,176.02999877929688,173.10000610351562,173.5,68169400
2024-04-30,173.3300018310547,174.99000549316406,170.0,170.3300018310547,65934800
2024-05-01,169.5800018310547,172.7100067138672,169.11000061035156,169.3000030517578,50383100
2024-05-02,172.50999450683594,173.4199981689453,170.88999938964844,173.02999877929688,92880600
